game_ID,bookie,matchup_type,Home_Team,line1,Away_Team,line2,game_time,last_updated
cc1d6e0125f5444f70609ce9e0829fa9,DraftKings,h2h,Denver Broncos,-142,New Orleans Saints,120,2024-10-18T00:15:00Z,2024-10-16T17:46:18Z
cc1d6e0125f5444f70609ce9e0829fa9,Caesars,h2h,Denver Broncos,-150,New Orleans Saints,126,2024-10-18T00:15:00Z,2024-10-16T17:43:46Z
cc1d6e0125f5444f70609ce9e0829fa9,BetUS,h2h,Denver Broncos,-147,New Orleans Saints,127,2024-10-18T00:15:00Z,2024-10-16T17:45:42Z
cc1d6e0125f5444f70609ce9e0829fa9,FanDuel,h2h,Denver Broncos,-152,New Orleans Saints,128,2024-10-18T00:15:00Z,2024-10-16T17:45:42Z
cc1d6e0125f5444f70609ce9e0829fa9,LowVig.ag,h2h,Denver Broncos,-145,New Orleans Saints,125,2024-10-18T00:15:00Z,2024-10-16T17:45:42Z
cc1d6e0125f5444f70609ce9e0829fa9,BetOnline.ag,h2h,Denver Broncos,-145,New Orleans Saints,125,2024-10-18T00:15:00Z,2024-10-16T17:45:41Z
cc1d6e0125f5444f70609ce9e0829fa9,MyBookie.ag,h2h,Denver Broncos,-146,New Orleans Saints,119,2024-10-18T00:15:00Z,2024-10-16T17:40:10Z
cc1d6e0125f5444f70609ce9e0829fa9,BetRivers,h2h,Denver Broncos,-139,New Orleans Saints,114,2024-10-18T00:15:00Z,2024-10-16T17:45:42Z
cc1d6e0125f5444f70609ce9e0829fa9,BetMGM,h2h,Denver Broncos,-145,New Orleans Saints,120,2024-10-18T00:15:00Z,2024-10-16T17:45:42Z
cc1d6e0125f5444f70609ce9e0829fa9,Bovada,h2h,Denver Broncos,-145,New Orleans Saints,125,2024-10-18T00:15:00Z,2024-10-16T17:45:42Z
964d089b9bbbf792a705da3b3f355312,DraftKings,h2h,Jacksonville Jaguars,-238,New England Patriots,195,2024-10-20T13:30:00Z,2024-10-16T17:46:18Z
964d089b9bbbf792a705da3b3f355312,FanDuel,h2h,Jacksonville Jaguars,-230,New England Patriots,190,2024-10-20T13:30:00Z,2024-10-16T17:45:42Z
964d089b9bbbf792a705da3b3f355312,Caesars,h2h,Jacksonville Jaguars,-250,New England Patriots,205,2024-10-20T13:30:00Z,2024-10-16T17:43:46Z
964d089b9bbbf792a705da3b3f355312,MyBookie.ag,h2h,Jacksonville Jaguars,-242,New England Patriots,193,2024-10-20T13:30:00Z,2024-10-16T17:40:10Z
964d089b9bbbf792a705da3b3f355312,BetUS,h2h,Jacksonville Jaguars,-245,New England Patriots,205,2024-10-20T13:30:00Z,2024-10-16T17:45:42Z
964d089b9bbbf792a705da3b3f355312,Bovada,h2h,Jacksonville Jaguars,-240,New England Patriots,200,2024-10-20T13:30:00Z,2024-10-16T17:45:42Z
964d089b9bbbf792a705da3b3f355312,LowVig.ag,h2h,Jacksonville Jaguars,-245,New England Patriots,205,2024-10-20T13:30:00Z,2024-10-16T17:45:42Z
964d089b9bbbf792a705da3b3f355312,BetOnline.ag,h2h,Jacksonville Jaguars,-245,New England Patriots,205,2024-10-20T13:30:00Z,2024-10-16T17:45:41Z
964d089b9bbbf792a705da3b3f355312,BetRivers,h2h,Jacksonville Jaguars,-250,New England Patriots,200,2024-10-20T13:30:00Z,2024-10-16T17:45:42Z
964d089b9bbbf792a705da3b3f355312,BetMGM,h2h,Jacksonville Jaguars,-250,New England Patriots,200,2024-10-20T13:30:00Z,2024-10-16T17:45:42Z
514ad4e46861e2aa51571079d75856b5,DraftKings,h2h,Atlanta Falcons,-155,Seattle Seahawks,130,2024-10-20T17:00:00Z,2024-10-16T17:46:18Z
514ad4e46861e2aa51571079d75856b5,Caesars,h2h,Atlanta Falcons,-145,Seattle Seahawks,122,2024-10-20T17:00:00Z,2024-10-16T17:43:46Z
514ad4e46861e2aa51571079d75856b5,BetUS,h2h,Atlanta Falcons,-141,Seattle Seahawks,121,2024-10-20T17:00:00Z,2024-10-16T17:45:42Z
514ad4e46861e2aa51571079d75856b5,FanDuel,h2h,Atlanta Falcons,-154,Seattle Seahawks,130,2024-10-20T17:00:00Z,2024-10-16T17:45:42Z
514ad4e46861e2aa51571079d75856b5,MyBookie.ag,h2h,Atlanta Falcons,-154,Seattle Seahawks,125,2024-10-20T17:00:00Z,2024-10-16T17:40:10Z
514ad4e46861e2aa51571079d75856b5,LowVig.ag,h2h,Atlanta Falcons,-143,Seattle Seahawks,123,2024-10-20T17:00:00Z,2024-10-16T17:45:42Z
514ad4e46861e2aa51571079d75856b5,BetOnline.ag,h2h,Atlanta Falcons,-143,Seattle Seahawks,123,2024-10-20T17:00:00Z,2024-10-16T17:45:41Z
514ad4e46861e2aa51571079d75856b5,BetMGM,h2h,Atlanta Falcons,-150,Seattle Seahawks,125,2024-10-20T17:00:00Z,2024-10-16T17:45:42Z
514ad4e46861e2aa51571079d75856b5,BetRivers,h2h,Atlanta Falcons,-159,Seattle Seahawks,132,2024-10-20T17:00:00Z,2024-10-16T17:45:42Z
514ad4e46861e2aa51571079d75856b5,Bovada,h2h,Atlanta Falcons,-140,Seattle Seahawks,120,2024-10-20T17:00:00Z,2024-10-16T17:45:42Z
4084732a953c2a15d46aca93da86fe87,DraftKings,h2h,Buffalo Bills,-440,Tennessee Titans,340,2024-10-20T17:00:00Z,2024-10-16T17:46:18Z
4084732a953c2a15d46aca93da86fe87,Caesars,h2h,Buffalo Bills,-480,Tennessee Titans,360,2024-10-20T17:00:00Z,2024-10-16T17:43:46Z
4084732a953c2a15d46aca93da86fe87,FanDuel,h2h,Buffalo Bills,-460,Tennessee Titans,360,2024-10-20T17:00:00Z,2024-10-16T17:45:42Z
4084732a953c2a15d46aca93da86fe87,MyBookie.ag,h2h,Buffalo Bills,-481,Tennessee Titans,350,2024-10-20T17:00:00Z,2024-10-16T17:40:10Z
4084732a953c2a15d46aca93da86fe87,BetOnline.ag,h2h,Buffalo Bills,-450,Tennessee Titans,360,2024-10-20T17:00:00Z,2024-10-16T17:45:41Z
4084732a953c2a15d46aca93da86fe87,LowVig.ag,h2h,Buffalo Bills,-450,Tennessee Titans,360,2024-10-20T17:00:00Z,2024-10-16T17:45:42Z
4084732a953c2a15d46aca93da86fe87,BetRivers,h2h,Buffalo Bills,-455,Tennessee Titans,335,2024-10-20T17:00:00Z,2024-10-16T17:45:42Z
4084732a953c2a15d46aca93da86fe87,BetUS,h2h,Buffalo Bills,-470,Tennessee Titans,370,2024-10-20T17:00:00Z,2024-10-16T17:45:42Z
4084732a953c2a15d46aca93da86fe87,BetMGM,h2h,Buffalo Bills,-450,Tennessee Titans,350,2024-10-20T17:00:00Z,2024-10-16T17:45:42Z
4084732a953c2a15d46aca93da86fe87,Bovada,h2h,Buffalo Bills,-450,Tennessee Titans,335,2024-10-20T17:00:00Z,2024-10-16T17:45:42Z
63e9b5302666e36b47431100bcb22973,DraftKings,h2h,Cincinnati Bengals,-258,Cleveland Browns,210,2024-10-20T17:00:00Z,2024-10-16T17:46:18Z
63e9b5302666e36b47431100bcb22973,Caesars,h2h,Cincinnati Bengals,-285,Cleveland Browns,228,2024-10-20T17:00:00Z,2024-10-16T17:43:46Z
63e9b5302666e36b47431100bcb22973,BetUS,h2h,Cincinnati Bengals,-275,Cleveland Browns,230,2024-10-20T17:00:00Z,2024-10-16T17:45:42Z
63e9b5302666e36b47431100bcb22973,FanDuel,h2h,Cincinnati Bengals,-295,Cleveland Browns,240,2024-10-20T17:00:00Z,2024-10-16T17:45:42Z
63e9b5302666e36b47431100bcb22973,MyBookie.ag,h2h,Cincinnati Bengals,-280,Cleveland Browns,218,2024-10-20T17:00:00Z,2024-10-16T17:40:10Z
63e9b5302666e36b47431100bcb22973,BetOnline.ag,h2h,Cincinnati Bengals,-265,Cleveland Browns,225,2024-10-20T17:00:00Z,2024-10-16T17:45:41Z
63e9b5302666e36b47431100bcb22973,LowVig.ag,h2h,Cincinnati Bengals,-265,Cleveland Browns,225,2024-10-20T17:00:00Z,2024-10-16T17:45:42Z
63e9b5302666e36b47431100bcb22973,BetRivers,h2h,Cincinnati Bengals,-286,Cleveland Browns,230,2024-10-20T17:00:00Z,2024-10-16T17:45:42Z
63e9b5302666e36b47431100bcb22973,BetMGM,h2h,Cincinnati Bengals,-275,Cleveland Browns,220,2024-10-20T17:00:00Z,2024-10-16T17:45:42Z
63e9b5302666e36b47431100bcb22973,Bovada,h2h,Cincinnati Bengals,-270,Cleveland Browns,220,2024-10-20T17:00:00Z,2024-10-16T17:45:42Z
497242e77fc7f2e1fa4cc70a2bd37b20,DraftKings,h2h,Detroit Lions,114,Minnesota Vikings,-135,2024-10-20T17:00:00Z,2024-10-16T17:46:18Z
497242e77fc7f2e1fa4cc70a2bd37b20,Caesars,h2h,Detroit Lions,115,Minnesota Vikings,-135,2024-10-20T17:00:00Z,2024-10-16T17:43:46Z
497242e77fc7f2e1fa4cc70a2bd37b20,FanDuel,h2h,Detroit Lions,114,Minnesota Vikings,-134,2024-10-20T17:00:00Z,2024-10-16T17:45:42Z
497242e77fc7f2e1fa4cc70a2bd37b20,MyBookie.ag,h2h,Detroit Lions,112,Minnesota Vikings,-137,2024-10-20T17:00:00Z,2024-10-16T17:40:10Z
497242e77fc7f2e1fa4cc70a2bd37b20,LowVig.ag,h2h,Detroit Lions,114,Minnesota Vikings,-134,2024-10-20T17:00:00Z,2024-10-16T17:45:42Z
497242e77fc7f2e1fa4cc70a2bd37b20,BetOnline.ag,h2h,Detroit Lions,114,Minnesota Vikings,-134,2024-10-20T17:00:00Z,2024-10-16T17:45:41Z
497242e77fc7f2e1fa4cc70a2bd37b20,BetRivers,h2h,Detroit Lions,110,Minnesota Vikings,-134,2024-10-20T17:00:00Z,2024-10-16T17:45:42Z
497242e77fc7f2e1fa4cc70a2bd37b20,BetUS,h2h,Detroit Lions,120,Minnesota Vikings,-140,2024-10-20T17:00:00Z,2024-10-16T17:45:42Z
497242e77fc7f2e1fa4cc70a2bd37b20,BetMGM,h2h,Detroit Lions,115,Minnesota Vikings,-135,2024-10-20T17:00:00Z,2024-10-16T17:45:42Z
497242e77fc7f2e1fa4cc70a2bd37b20,Bovada,h2h,Detroit Lions,120,Minnesota Vikings,-140,2024-10-20T17:00:00Z,2024-10-16T17:45:42Z
15077c31238fbc767b91e73f8068f2a2,DraftKings,h2h,Green Bay Packers,-142,Houston Texans,120,2024-10-20T17:00:00Z,2024-10-16T17:46:18Z
15077c31238fbc767b91e73f8068f2a2,Caesars,h2h,Green Bay Packers,-145,Houston Texans,122,2024-10-20T17:00:00Z,2024-10-16T17:43:46Z
15077c31238fbc767b91e73f8068f2a2,BetUS,h2h,Green Bay Packers,-150,Houston Texans,129,2024-10-20T17:00:00Z,2024-10-16T17:45:42Z
15077c31238fbc767b91e73f8068f2a2,FanDuel,h2h,Green Bay Packers,-148,Houston Texans,126,2024-10-20T17:00:00Z,2024-10-16T17:45:42Z
15077c31238fbc767b91e73f8068f2a2,MyBookie.ag,h2h,Green Bay Packers,-147,Houston Texans,120,2024-10-20T17:00:00Z,2024-10-16T17:40:10Z
15077c31238fbc767b91e73f8068f2a2,LowVig.ag,h2h,Green Bay Packers,-145,Houston Texans,125,2024-10-20T17:00:00Z,2024-10-16T17:45:42Z
15077c31238fbc767b91e73f8068f2a2,BetOnline.ag,h2h,Green Bay Packers,-145,Houston Texans,125,2024-10-20T17:00:00Z,2024-10-16T17:45:41Z
15077c31238fbc767b91e73f8068f2a2,BetRivers,h2h,Green Bay Packers,-152,Houston Texans,125,2024-10-20T17:00:00Z,2024-10-16T17:45:42Z
15077c31238fbc767b91e73f8068f2a2,BetMGM,h2h,Green Bay Packers,-150,Houston Texans,125,2024-10-20T17:00:00Z,2024-10-16T17:45:42Z
15077c31238fbc767b91e73f8068f2a2,Bovada,h2h,Green Bay Packers,-160,Houston Texans,135,2024-10-20T17:00:00Z,2024-10-16T17:45:42Z
3d634649562df7c3b2b22d626162a9c9,DraftKings,h2h,Indianapolis Colts,-162,Miami Dolphins,136,2024-10-20T17:00:00Z,2024-10-16T17:46:18Z
3d634649562df7c3b2b22d626162a9c9,Caesars,h2h,Indianapolis Colts,-178,Miami Dolphins,150,2024-10-20T17:00:00Z,2024-10-16T17:43:46Z
3d634649562df7c3b2b22d626162a9c9,BetUS,h2h,Indianapolis Colts,-169,Miami Dolphins,146,2024-10-20T17:00:00Z,2024-10-16T17:45:42Z
3d634649562df7c3b2b22d626162a9c9,FanDuel,h2h,Indianapolis Colts,-168,Miami Dolphins,142,2024-10-20T17:00:00Z,2024-10-16T17:45:42Z
3d634649562df7c3b2b22d626162a9c9,MyBookie.ag,h2h,Indianapolis Colts,-174,Miami Dolphins,141,2024-10-20T17:00:00Z,2024-10-16T17:40:10Z
3d634649562df7c3b2b22d626162a9c9,LowVig.ag,h2h,Indianapolis Colts,-169,Miami Dolphins,149,2024-10-20T17:00:00Z,2024-10-16T17:45:42Z
3d634649562df7c3b2b22d626162a9c9,BetOnline.ag,h2h,Indianapolis Colts,-169,Miami Dolphins,149,2024-10-20T17:00:00Z,2024-10-16T17:45:41Z
3d634649562df7c3b2b22d626162a9c9,BetRivers,h2h,Indianapolis Colts,-180,Miami Dolphins,145,2024-10-20T17:00:00Z,2024-10-16T17:45:42Z
3d634649562df7c3b2b22d626162a9c9,BetMGM,h2h,Indianapolis Colts,-175,Miami Dolphins,145,2024-10-20T17:00:00Z,2024-10-16T17:45:42Z
3d634649562df7c3b2b22d626162a9c9,Bovada,h2h,Indianapolis Colts,-170,Miami Dolphins,145,2024-10-20T17:00:00Z,2024-10-16T17:45:42Z
a60ecb3c882d09f08b6e194e858aec42,DraftKings,h2h,New York Giants,140,Philadelphia Eagles,-166,2024-10-20T17:00:00Z,2024-10-16T17:46:18Z
a60ecb3c882d09f08b6e194e858aec42,Caesars,h2h,New York Giants,143,Philadelphia Eagles,-170,2024-10-20T17:00:00Z,2024-10-16T17:43:46Z
a60ecb3c882d09f08b6e194e858aec42,BetUS,h2h,New York Giants,142,Philadelphia Eagles,-165,2024-10-20T17:00:00Z,2024-10-16T17:45:42Z
a60ecb3c882d09f08b6e194e858aec42,FanDuel,h2h,New York Giants,150,Philadelphia Eagles,-178,2024-10-20T17:00:00Z,2024-10-16T17:45:42Z
a60ecb3c882d09f08b6e194e858aec42,MyBookie.ag,h2h,New York Giants,141,Philadelphia Eagles,-175,2024-10-20T17:00:00Z,2024-10-16T17:40:10Z
a60ecb3c882d09f08b6e194e858aec42,BetRivers,h2h,New York Giants,150,Philadelphia Eagles,-182,2024-10-20T17:00:00Z,2024-10-16T17:45:42Z
a60ecb3c882d09f08b6e194e858aec42,BetMGM,h2h,New York Giants,140,Philadelphia Eagles,-165,2024-10-20T17:00:00Z,2024-10-16T17:45:42Z
a60ecb3c882d09f08b6e194e858aec42,LowVig.ag,h2h,New York Giants,145,Philadelphia Eagles,-165,2024-10-20T17:00:00Z,2024-10-16T17:45:42Z
a60ecb3c882d09f08b6e194e858aec42,BetOnline.ag,h2h,New York Giants,145,Philadelphia Eagles,-165,2024-10-20T17:00:00Z,2024-10-16T17:45:41Z
a60ecb3c882d09f08b6e194e858aec42,Bovada,h2h,New York Giants,140,Philadelphia Eagles,-165,2024-10-20T17:00:00Z,2024-10-16T17:45:42Z
205e5260b14ecb55558ddb85f419edaf,DraftKings,h2h,Carolina Panthers,300,Washington Commanders,-380,2024-10-20T20:05:00Z,2024-10-16T17:46:18Z
205e5260b14ecb55558ddb85f419edaf,Caesars,h2h,Carolina Panthers,320,Washington Commanders,-420,2024-10-20T20:05:00Z,2024-10-16T17:43:46Z
205e5260b14ecb55558ddb85f419edaf,BetUS,h2h,Carolina Panthers,320,Washington Commanders,-400,2024-10-20T20:05:00Z,2024-10-16T17:45:42Z
205e5260b14ecb55558ddb85f419edaf,FanDuel,h2h,Carolina Panthers,310,Washington Commanders,-390,2024-10-20T20:05:00Z,2024-10-16T17:45:42Z
205e5260b14ecb55558ddb85f419edaf,MyBookie.ag,h2h,Carolina Panthers,285,Washington Commanders,-380,2024-10-20T20:05:00Z,2024-10-16T17:40:10Z
205e5260b14ecb55558ddb85f419edaf,BetOnline.ag,h2h,Carolina Panthers,315,Washington Commanders,-385,2024-10-20T20:05:00Z,2024-10-16T17:45:41Z
205e5260b14ecb55558ddb85f419edaf,LowVig.ag,h2h,Carolina Panthers,315,Washington Commanders,-385,2024-10-20T20:05:00Z,2024-10-16T17:45:42Z
205e5260b14ecb55558ddb85f419edaf,BetRivers,h2h,Carolina Panthers,335,Washington Commanders,-455,2024-10-20T20:05:00Z,2024-10-16T17:45:42Z
205e5260b14ecb55558ddb85f419edaf,BetMGM,h2h,Carolina Panthers,310,Washington Commanders,-400,2024-10-20T20:05:00Z,2024-10-16T17:45:42Z
205e5260b14ecb55558ddb85f419edaf,Bovada,h2h,Carolina Panthers,305,Washington Commanders,-410,2024-10-20T20:05:00Z,2024-10-16T17:45:42Z
2bc06cb4fb03e96b39448675c1943487,DraftKings,h2h,Las Vegas Raiders,270,Los Angeles Rams,-340,2024-10-20T20:05:00Z,2024-10-16T17:46:18Z
2bc06cb4fb03e96b39448675c1943487,Caesars,h2h,Las Vegas Raiders,270,Los Angeles Rams,-345,2024-10-20T20:05:00Z,2024-10-16T17:43:46Z
2bc06cb4fb03e96b39448675c1943487,BetUS,h2h,Las Vegas Raiders,240,Los Angeles Rams,-290,2024-10-20T20:05:00Z,2024-10-16T17:45:42Z
2bc06cb4fb03e96b39448675c1943487,FanDuel,h2h,Las Vegas Raiders,265,Los Angeles Rams,-330,2024-10-20T20:05:00Z,2024-10-16T17:45:42Z
2bc06cb4fb03e96b39448675c1943487,MyBookie.ag,h2h,Las Vegas Raiders,250,Los Angeles Rams,-330,2024-10-20T20:05:00Z,2024-10-16T17:40:10Z
2bc06cb4fb03e96b39448675c1943487,BetOnline.ag,h2h,Las Vegas Raiders,255,Los Angeles Rams,-305,2024-10-20T20:05:00Z,2024-10-16T17:45:41Z
2bc06cb4fb03e96b39448675c1943487,LowVig.ag,h2h,Las Vegas Raiders,255,Los Angeles Rams,-305,2024-10-20T20:05:00Z,2024-10-16T17:45:42Z
2bc06cb4fb03e96b39448675c1943487,BetRivers,h2h,Las Vegas Raiders,250,Los Angeles Rams,-315,2024-10-20T20:05:00Z,2024-10-16T17:45:42Z
2bc06cb4fb03e96b39448675c1943487,BetMGM,h2h,Las Vegas Raiders,260,Los Angeles Rams,-350,2024-10-20T20:05:00Z,2024-10-16T17:45:42Z
2bc06cb4fb03e96b39448675c1943487,Bovada,h2h,Las Vegas Raiders,260,Los Angeles Rams,-320,2024-10-20T20:05:00Z,2024-10-16T17:45:42Z
a0b429ad5863438f4550ced4f368d2e2,FanDuel,h2h,Kansas City Chiefs,-102,San Francisco 49ers,-116,2024-10-20T20:25:00Z,2024-10-16T17:45:42Z
a0b429ad5863438f4550ced4f368d2e2,Caesars,h2h,Kansas City Chiefs,100,San Francisco 49ers,-120,2024-10-20T20:25:00Z,2024-10-16T17:43:46Z
a0b429ad5863438f4550ced4f368d2e2,DraftKings,h2h,Kansas City Chiefs,102,San Francisco 49ers,-122,2024-10-20T20:25:00Z,2024-10-16T17:46:18Z
a0b429ad5863438f4550ced4f368d2e2,BetUS,h2h,Kansas City Chiefs,100,San Francisco 49ers,-120,2024-10-20T20:25:00Z,2024-10-16T17:45:42Z
a0b429ad5863438f4550ced4f368d2e2,Bovada,h2h,Kansas City Chiefs,100,San Francisco 49ers,-120,2024-10-20T20:25:00Z,2024-10-16T17:45:42Z
a0b429ad5863438f4550ced4f368d2e2,MyBookie.ag,h2h,Kansas City Chiefs,-102,San Francisco 49ers,-120,2024-10-20T20:25:00Z,2024-10-16T17:40:10Z
a0b429ad5863438f4550ced4f368d2e2,LowVig.ag,h2h,Kansas City Chiefs,100,San Francisco 49ers,-120,2024-10-20T20:25:00Z,2024-10-16T17:45:42Z
a0b429ad5863438f4550ced4f368d2e2,BetOnline.ag,h2h,Kansas City Chiefs,100,San Francisco 49ers,-120,2024-10-20T20:25:00Z,2024-10-16T17:45:41Z
a0b429ad5863438f4550ced4f368d2e2,BetMGM,h2h,Kansas City Chiefs,105,San Francisco 49ers,-125,2024-10-20T20:25:00Z,2024-10-16T17:45:42Z
a0b429ad5863438f4550ced4f368d2e2,BetRivers,h2h,Kansas City Chiefs,100,San Francisco 49ers,-121,2024-10-20T20:25:00Z,2024-10-16T17:45:42Z
6103604599da91e8a44ce683292242ec,DraftKings,h2h,New York Jets,-122,Pittsburgh Steelers,102,2024-10-21T00:20:00Z,2024-10-16T17:46:18Z
6103604599da91e8a44ce683292242ec,Caesars,h2h,New York Jets,-135,Pittsburgh Steelers,115,2024-10-21T00:20:00Z,2024-10-16T17:43:46Z
6103604599da91e8a44ce683292242ec,FanDuel,h2h,New York Jets,-134,Pittsburgh Steelers,114,2024-10-21T00:20:00Z,2024-10-16T17:45:42Z
6103604599da91e8a44ce683292242ec,MyBookie.ag,h2h,New York Jets,-135,Pittsburgh Steelers,110,2024-10-21T00:20:00Z,2024-10-16T17:40:10Z
6103604599da91e8a44ce683292242ec,BetOnline.ag,h2h,New York Jets,-135,Pittsburgh Steelers,115,2024-10-21T00:20:00Z,2024-10-16T17:45:41Z
6103604599da91e8a44ce683292242ec,LowVig.ag,h2h,New York Jets,-135,Pittsburgh Steelers,115,2024-10-21T00:20:00Z,2024-10-16T17:45:42Z
6103604599da91e8a44ce683292242ec,BetRivers,h2h,New York Jets,-130,Pittsburgh Steelers,107,2024-10-21T00:20:00Z,2024-10-16T17:45:42Z
6103604599da91e8a44ce683292242ec,BetUS,h2h,New York Jets,-140,Pittsburgh Steelers,120,2024-10-21T00:20:00Z,2024-10-16T17:45:42Z
6103604599da91e8a44ce683292242ec,BetMGM,h2h,New York Jets,-135,Pittsburgh Steelers,115,2024-10-21T00:20:00Z,2024-10-16T17:45:42Z
6103604599da91e8a44ce683292242ec,Bovada,h2h,New York Jets,-130,Pittsburgh Steelers,110,2024-10-21T00:20:00Z,2024-10-16T17:45:42Z
269f082de1c875831ceb05c8e0fa6e9e,DraftKings,h2h,Baltimore Ravens,-180,Tampa Bay Buccaneers,150,2024-10-22T00:15:00Z,2024-10-16T17:46:18Z
269f082de1c875831ceb05c8e0fa6e9e,Caesars,h2h,Baltimore Ravens,-195,Tampa Bay Buccaneers,162,2024-10-22T00:15:00Z,2024-10-16T17:43:46Z
269f082de1c875831ceb05c8e0fa6e9e,BetUS,h2h,Baltimore Ravens,-193,Tampa Bay Buccaneers,166,2024-10-22T00:15:00Z,2024-10-16T17:45:42Z
269f082de1c875831ceb05c8e0fa6e9e,FanDuel,h2h,Baltimore Ravens,-198,Tampa Bay Buccaneers,166,2024-10-22T00:15:00Z,2024-10-16T17:45:42Z
269f082de1c875831ceb05c8e0fa6e9e,MyBookie.ag,h2h,Baltimore Ravens,-194,Tampa Bay Buccaneers,157,2024-10-22T00:15:00Z,2024-10-16T17:40:10Z
269f082de1c875831ceb05c8e0fa6e9e,LowVig.ag,h2h,Baltimore Ravens,-193,Tampa Bay Buccaneers,168,2024-10-22T00:15:00Z,2024-10-16T17:45:42Z
269f082de1c875831ceb05c8e0fa6e9e,BetOnline.ag,h2h,Baltimore Ravens,-193,Tampa Bay Buccaneers,168,2024-10-22T00:15:00Z,2024-10-16T17:45:41Z
269f082de1c875831ceb05c8e0fa6e9e,BetRivers,h2h,Baltimore Ravens,-195,Tampa Bay Buccaneers,160,2024-10-22T00:15:00Z,2024-10-16T17:45:42Z
269f082de1c875831ceb05c8e0fa6e9e,BetMGM,h2h,Baltimore Ravens,-190,Tampa Bay Buccaneers,155,2024-10-22T00:15:00Z,2024-10-16T17:45:42Z
269f082de1c875831ceb05c8e0fa6e9e,Bovada,h2h,Baltimore Ravens,-195,Tampa Bay Buccaneers,165,2024-10-22T00:15:00Z,2024-10-16T17:45:42Z
c38d6ebf21ca6194da4757c090eac3a2,DraftKings,h2h,Arizona Cardinals,124,Los Angeles Chargers,-148,2024-10-22T01:00:00Z,2024-10-16T17:46:18Z
c38d6ebf21ca6194da4757c090eac3a2,Caesars,h2h,Arizona Cardinals,122,Los Angeles Chargers,-145,2024-10-22T01:00:00Z,2024-10-16T17:43:46Z
c38d6ebf21ca6194da4757c090eac3a2,BetUS,h2h,Arizona Cardinals,125,Los Angeles Chargers,-145,2024-10-22T01:00:00Z,2024-10-16T17:45:42Z
c38d6ebf21ca6194da4757c090eac3a2,FanDuel,h2h,Arizona Cardinals,130,Los Angeles Chargers,-154,2024-10-22T01:00:00Z,2024-10-16T17:45:42Z
c38d6ebf21ca6194da4757c090eac3a2,MyBookie.ag,h2h,Arizona Cardinals,123,Los Angeles Chargers,-151,2024-10-22T01:00:00Z,2024-10-16T17:40:10Z
c38d6ebf21ca6194da4757c090eac3a2,LowVig.ag,h2h,Arizona Cardinals,125,Los Angeles Chargers,-145,2024-10-22T01:00:00Z,2024-10-16T17:45:42Z
c38d6ebf21ca6194da4757c090eac3a2,BetOnline.ag,h2h,Arizona Cardinals,125,Los Angeles Chargers,-145,2024-10-22T01:00:00Z,2024-10-16T17:45:41Z
c38d6ebf21ca6194da4757c090eac3a2,BetRivers,h2h,Arizona Cardinals,120,Los Angeles Chargers,-148,2024-10-22T01:00:00Z,2024-10-16T17:45:42Z
c38d6ebf21ca6194da4757c090eac3a2,Bovada,h2h,Arizona Cardinals,125,Los Angeles Chargers,-145,2024-10-22T01:00:00Z,2024-10-16T17:45:42Z
c38d6ebf21ca6194da4757c090eac3a2,BetMGM,h2h,Arizona Cardinals,125,Los Angeles Chargers,-155,2024-10-22T01:00:00Z,2024-10-16T17:45:42Z
1f22f5d9de70779ac521b9c1de59162f,DraftKings,h2h,Los Angeles Rams,130,Minnesota Vikings,-155,2024-10-25T00:15:00Z,2024-10-16T17:46:18Z
1f22f5d9de70779ac521b9c1de59162f,FanDuel,h2h,Los Angeles Rams,138,Minnesota Vikings,-164,2024-10-25T00:15:00Z,2024-10-16T17:45:42Z
1f22f5d9de70779ac521b9c1de59162f,MyBookie.ag,h2h,Los Angeles Rams,128,Minnesota Vikings,-164,2024-10-25T00:15:00Z,2024-10-16T17:40:10Z
2883af924ad72a75da65e3257b9284e7,DraftKings,h2h,Arizona Cardinals,114,Miami Dolphins,-135,2024-10-27T17:00:00Z,2024-10-16T17:46:18Z
2883af924ad72a75da65e3257b9284e7,MyBookie.ag,h2h,Arizona Cardinals,110,Miami Dolphins,-141,2024-10-27T17:00:00Z,2024-10-16T17:40:10Z
9693ad2122e496b05f7efd56f0ef03d0,DraftKings,h2h,Atlanta Falcons,105,Tampa Bay Buccaneers,-125,2024-10-27T17:00:00Z,2024-10-16T17:46:18Z
9693ad2122e496b05f7efd56f0ef03d0,FanDuel,h2h,Atlanta Falcons,102,Tampa Bay Buccaneers,-120,2024-10-27T17:00:00Z,2024-10-16T17:45:42Z
9693ad2122e496b05f7efd56f0ef03d0,MyBookie.ag,h2h,Atlanta Falcons,101,Tampa Bay Buccaneers,-128,2024-10-27T17:00:00Z,2024-10-16T17:40:10Z
4a54b04a572fde8db5f1e1478c1ef673,DraftKings,h2h,Baltimore Ravens,-485,Cleveland Browns,370,2024-10-27T17:00:00Z,2024-10-16T17:46:18Z
4a54b04a572fde8db5f1e1478c1ef673,FanDuel,h2h,Baltimore Ravens,-460,Cleveland Browns,360,2024-10-27T17:00:00Z,2024-10-16T17:45:42Z
4a54b04a572fde8db5f1e1478c1ef673,MyBookie.ag,h2h,Baltimore Ravens,-500,Cleveland Browns,350,2024-10-27T17:00:00Z,2024-10-16T17:40:10Z
5fd9657af1356ec2a567b07d75a8e6a3,DraftKings,h2h,Detroit Lions,-470,Tennessee Titans,360,2024-10-27T17:00:00Z,2024-10-16T17:46:18Z
5fd9657af1356ec2a567b07d75a8e6a3,FanDuel,h2h,Detroit Lions,-480,Tennessee Titans,370,2024-10-27T17:00:00Z,2024-10-16T17:45:42Z
5fd9657af1356ec2a567b07d75a8e6a3,MyBookie.ag,h2h,Detroit Lions,-500,Tennessee Titans,340,2024-10-27T17:00:00Z,2024-10-16T17:40:10Z
4708973e15052d8b7c29a53f0c4561dc,DraftKings,h2h,Green Bay Packers,-205,Jacksonville Jaguars,170,2024-10-27T17:00:00Z,2024-10-16T17:46:18Z
4708973e15052d8b7c29a53f0c4561dc,FanDuel,h2h,Green Bay Packers,-215,Jacksonville Jaguars,180,2024-10-27T17:00:00Z,2024-10-16T17:45:42Z
4708973e15052d8b7c29a53f0c4561dc,MyBookie.ag,h2h,Green Bay Packers,-218,Jacksonville Jaguars,166,2024-10-27T17:00:00Z,2024-10-16T17:40:10Z
e07e64de78a6095754d2a048255dadac,DraftKings,h2h,Houston Texans,-245,Indianapolis Colts,200,2024-10-27T17:00:00Z,2024-10-16T17:46:18Z
e07e64de78a6095754d2a048255dadac,FanDuel,h2h,Houston Texans,-260,Indianapolis Colts,215,2024-10-27T17:00:00Z,2024-10-16T17:45:42Z
e07e64de78a6095754d2a048255dadac,MyBookie.ag,h2h,Houston Texans,-265,Indianapolis Colts,199,2024-10-27T17:00:00Z,2024-10-16T17:40:10Z
fb5217800ed73d9cae485efbba37ba96,DraftKings,h2h,Chicago Bears,105,Washington Commanders,-125,2024-10-27T17:01:00Z,2024-10-16T17:46:18Z
fb5217800ed73d9cae485efbba37ba96,FanDuel,h2h,Chicago Bears,114,Washington Commanders,-134,2024-10-27T17:01:00Z,2024-10-16T17:45:42Z
fb5217800ed73d9cae485efbba37ba96,MyBookie.ag,h2h,Chicago Bears,104,Washington Commanders,-133,2024-10-27T17:01:00Z,2024-10-16T17:40:10Z
7679451910267ad5cd8620cf63870aaa,DraftKings,h2h,New England Patriots,240,New York Jets,-298,2024-10-27T17:01:00Z,2024-10-16T17:46:18Z
7679451910267ad5cd8620cf63870aaa,FanDuel,h2h,New England Patriots,245,New York Jets,-300,2024-10-27T17:01:00Z,2024-10-16T17:45:42Z
7679451910267ad5cd8620cf63870aaa,MyBookie.ag,h2h,New England Patriots,230,New York Jets,-310,2024-10-27T17:01:00Z,2024-10-16T17:40:10Z
9a263061dd1c784a20f393971744d176,DraftKings,h2h,Buffalo Bills,-155,Seattle Seahawks,130,2024-10-27T20:06:00Z,2024-10-16T17:46:18Z
9a263061dd1c784a20f393971744d176,FanDuel,h2h,Buffalo Bills,-158,Seattle Seahawks,134,2024-10-27T20:06:00Z,2024-10-16T17:45:42Z
9a263061dd1c784a20f393971744d176,MyBookie.ag,h2h,Buffalo Bills,-162,Seattle Seahawks,126,2024-10-27T20:06:00Z,2024-10-16T17:40:10Z
70c540bd6e70676319e44a7dd02cbd38,DraftKings,h2h,Los Angeles Chargers,-285,New Orleans Saints,230,2024-10-27T20:06:00Z,2024-10-16T17:46:18Z
70c540bd6e70676319e44a7dd02cbd38,FanDuel,h2h,Los Angeles Chargers,-295,New Orleans Saints,240,2024-10-27T20:06:00Z,2024-10-16T17:45:42Z
70c540bd6e70676319e44a7dd02cbd38,MyBookie.ag,h2h,Los Angeles Chargers,-300,New Orleans Saints,222,2024-10-27T20:06:00Z,2024-10-16T17:40:10Z
ccc621108fb48382b825128007dc8120,DraftKings,h2h,Kansas City Chiefs,-470,Las Vegas Raiders,360,2024-10-27T20:25:00Z,2024-10-16T17:46:18Z
ccc621108fb48382b825128007dc8120,FanDuel,h2h,Kansas City Chiefs,-490,Las Vegas Raiders,380,2024-10-27T20:25:00Z,2024-10-16T17:45:42Z
ccc621108fb48382b825128007dc8120,MyBookie.ag,h2h,Kansas City Chiefs,-500,Las Vegas Raiders,340,2024-10-27T20:25:00Z,2024-10-16T17:40:10Z
bba53e1026b6121c0255771479517a2f,DraftKings,h2h,Carolina Panthers,160,Denver Broncos,-192,2024-10-27T20:26:00Z,2024-10-16T17:46:18Z
bba53e1026b6121c0255771479517a2f,FanDuel,h2h,Carolina Panthers,180,Denver Broncos,-215,2024-10-27T20:26:00Z,2024-10-16T17:45:42Z
bba53e1026b6121c0255771479517a2f,MyBookie.ag,h2h,Carolina Panthers,160,Denver Broncos,-208,2024-10-27T20:26:00Z,2024-10-16T17:40:10Z
9b5367d7e95dd05cb7517d99484bf95b,DraftKings,h2h,Cincinnati Bengals,-135,Philadelphia Eagles,114,2024-10-27T20:26:00Z,2024-10-16T17:46:18Z
9b5367d7e95dd05cb7517d99484bf95b,FanDuel,h2h,Cincinnati Bengals,-142,Philadelphia Eagles,120,2024-10-27T20:26:00Z,2024-10-16T17:45:42Z
9b5367d7e95dd05cb7517d99484bf95b,MyBookie.ag,h2h,Cincinnati Bengals,-142,Philadelphia Eagles,112,2024-10-27T20:26:00Z,2024-10-16T17:40:10Z
ef27be93158f43d94f94035d2af7096f,FanDuel,h2h,Dallas Cowboys,250,San Francisco 49ers,-310,2024-10-28T00:21:00Z,2024-10-16T17:45:42Z
ef27be93158f43d94f94035d2af7096f,DraftKings,h2h,Dallas Cowboys,270,San Francisco 49ers,-340,2024-10-28T00:21:00Z,2024-10-16T17:46:18Z
ef27be93158f43d94f94035d2af7096f,MyBookie.ag,h2h,Dallas Cowboys,234,San Francisco 49ers,-319,2024-10-28T00:21:00Z,2024-10-16T17:40:10Z
86278ec4bbdcadd945d79df6c695c2ec,DraftKings,h2h,New York Giants,145,Pittsburgh Steelers,-175,2024-10-29T00:16:00Z,2024-10-16T17:46:18Z
86278ec4bbdcadd945d79df6c695c2ec,FanDuel,h2h,New York Giants,164,Pittsburgh Steelers,-196,2024-10-29T00:16:00Z,2024-10-16T17:45:42Z
86278ec4bbdcadd945d79df6c695c2ec,MyBookie.ag,h2h,New York Giants,146,Pittsburgh Steelers,-188,2024-10-29T00:16:00Z,2024-10-16T17:40:10Z
