game_ID,bookie,matchup_type,Home_Team,Spread1,line1,Away_Team,Spread2,line2,game_time,last_updated
cc1d6e0125f5444f70609ce9e0829fa9,DraftKings,spreads,Denver Broncos,-3.0,-102,New Orleans Saints,3.0,-118,2024-10-18T00:15:00Z,2024-10-16T17:46:18Z
cc1d6e0125f5444f70609ce9e0829fa9,Caesars,spreads,Denver Broncos,-2.5,-120,New Orleans Saints,2.5,100,2024-10-18T00:15:00Z,2024-10-16T17:43:46Z
cc1d6e0125f5444f70609ce9e0829fa9,BetUS,spreads,Denver Broncos,-1.0,-125,New Orleans Saints,1.0,105,2024-10-18T00:15:00Z,2024-10-16T17:45:42Z
cc1d6e0125f5444f70609ce9e0829fa9,FanDuel,spreads,Denver Broncos,-2.5,-115,New Orleans Saints,2.5,-105,2024-10-18T00:15:00Z,2024-10-16T17:45:42Z
cc1d6e0125f5444f70609ce9e0829fa9,LowVig.ag,spreads,Denver Broncos,-2.5,-113,New Orleans Saints,2.5,102,2024-10-18T00:15:00Z,2024-10-16T17:45:42Z
cc1d6e0125f5444f70609ce9e0829fa9,BetOnline.ag,spreads,Denver Broncos,-2.5,-117,New Orleans Saints,2.5,-103,2024-10-18T00:15:00Z,2024-10-16T17:45:41Z
cc1d6e0125f5444f70609ce9e0829fa9,MyBookie.ag,spreads,Denver Broncos,-2.5,-110,New Orleans Saints,2.5,-110,2024-10-18T00:15:00Z,2024-10-16T17:40:10Z
cc1d6e0125f5444f70609ce9e0829fa9,BetRivers,spreads,Denver Broncos,-2.5,-117,New Orleans Saints,2.5,-105,2024-10-18T00:15:00Z,2024-10-16T17:45:42Z
cc1d6e0125f5444f70609ce9e0829fa9,BetMGM,spreads,Denver Broncos,-2.5,-115,New Orleans Saints,2.5,-105,2024-10-18T00:15:00Z,2024-10-16T17:45:42Z
cc1d6e0125f5444f70609ce9e0829fa9,Bovada,spreads,Denver Broncos,-2.5,-115,New Orleans Saints,2.5,-105,2024-10-18T00:15:00Z,2024-10-16T17:45:42Z
964d089b9bbbf792a705da3b3f355312,DraftKings,spreads,Jacksonville Jaguars,-5.5,-112,New England Patriots,5.5,-108,2024-10-20T13:30:00Z,2024-10-16T17:46:18Z
964d089b9bbbf792a705da3b3f355312,FanDuel,spreads,Jacksonville Jaguars,-5.5,-110,New England Patriots,5.5,-110,2024-10-20T13:30:00Z,2024-10-16T17:45:42Z
964d089b9bbbf792a705da3b3f355312,Caesars,spreads,Jacksonville Jaguars,-5.5,-110,New England Patriots,5.5,-110,2024-10-20T13:30:00Z,2024-10-16T17:43:46Z
964d089b9bbbf792a705da3b3f355312,MyBookie.ag,spreads,Jacksonville Jaguars,-5.5,-110,New England Patriots,5.5,-110,2024-10-20T13:30:00Z,2024-10-16T17:40:10Z
964d089b9bbbf792a705da3b3f355312,BetUS,spreads,Jacksonville Jaguars,-5.5,-110,New England Patriots,5.5,-110,2024-10-20T13:30:00Z,2024-10-16T17:45:42Z
964d089b9bbbf792a705da3b3f355312,Bovada,spreads,Jacksonville Jaguars,-5.5,-110,New England Patriots,5.5,-110,2024-10-20T13:30:00Z,2024-10-16T17:45:42Z
964d089b9bbbf792a705da3b3f355312,LowVig.ag,spreads,Jacksonville Jaguars,-5.5,-107,New England Patriots,5.5,-103,2024-10-20T13:30:00Z,2024-10-16T17:45:42Z
964d089b9bbbf792a705da3b3f355312,BetOnline.ag,spreads,Jacksonville Jaguars,-5.5,-112,New England Patriots,5.5,-108,2024-10-20T13:30:00Z,2024-10-16T17:45:41Z
964d089b9bbbf792a705da3b3f355312,BetRivers,spreads,Jacksonville Jaguars,-5.5,-110,New England Patriots,5.5,-110,2024-10-20T13:30:00Z,2024-10-16T17:45:42Z
964d089b9bbbf792a705da3b3f355312,BetMGM,spreads,Jacksonville Jaguars,-5.5,-110,New England Patriots,5.5,-110,2024-10-20T13:30:00Z,2024-10-16T17:45:42Z
514ad4e46861e2aa51571079d75856b5,DraftKings,spreads,Atlanta Falcons,-2.5,-118,Seattle Seahawks,2.5,-102,2024-10-20T17:00:00Z,2024-10-16T17:46:18Z
514ad4e46861e2aa51571079d75856b5,Caesars,spreads,Atlanta Falcons,-2.5,-120,Seattle Seahawks,2.5,100,2024-10-20T17:00:00Z,2024-10-16T17:43:46Z
514ad4e46861e2aa51571079d75856b5,BetUS,spreads,Atlanta Falcons,-3.0,105,Seattle Seahawks,3.0,-125,2024-10-20T17:00:00Z,2024-10-16T17:45:42Z
514ad4e46861e2aa51571079d75856b5,FanDuel,spreads,Atlanta Falcons,-3.0,-102,Seattle Seahawks,3.0,-120,2024-10-20T17:00:00Z,2024-10-16T17:45:42Z
514ad4e46861e2aa51571079d75856b5,MyBookie.ag,spreads,Atlanta Falcons,-2.5,-110,Seattle Seahawks,2.5,-110,2024-10-20T17:00:00Z,2024-10-16T17:40:10Z
514ad4e46861e2aa51571079d75856b5,LowVig.ag,spreads,Atlanta Falcons,-2.5,-114,Seattle Seahawks,2.5,103,2024-10-20T17:00:00Z,2024-10-16T17:45:42Z
514ad4e46861e2aa51571079d75856b5,BetOnline.ag,spreads,Atlanta Falcons,-3.0,100,Seattle Seahawks,3.0,-120,2024-10-20T17:00:00Z,2024-10-16T17:45:41Z
514ad4e46861e2aa51571079d75856b5,BetMGM,spreads,Atlanta Falcons,-2.5,-115,Seattle Seahawks,2.5,-105,2024-10-20T17:00:00Z,2024-10-16T17:45:42Z
514ad4e46861e2aa51571079d75856b5,BetRivers,spreads,Atlanta Falcons,-2.5,-118,Seattle Seahawks,2.5,-104,2024-10-20T17:00:00Z,2024-10-16T17:45:42Z
514ad4e46861e2aa51571079d75856b5,Bovada,spreads,Atlanta Falcons,-2.5,-115,Seattle Seahawks,2.5,-105,2024-10-20T17:00:00Z,2024-10-16T17:45:42Z
4084732a953c2a15d46aca93da86fe87,DraftKings,spreads,Buffalo Bills,-9.0,-110,Tennessee Titans,9.0,-110,2024-10-20T17:00:00Z,2024-10-16T17:46:18Z
4084732a953c2a15d46aca93da86fe87,Caesars,spreads,Buffalo Bills,-9.0,-110,Tennessee Titans,9.0,-110,2024-10-20T17:00:00Z,2024-10-16T17:43:46Z
4084732a953c2a15d46aca93da86fe87,FanDuel,spreads,Buffalo Bills,-8.5,-115,Tennessee Titans,8.5,-105,2024-10-20T17:00:00Z,2024-10-16T17:45:42Z
4084732a953c2a15d46aca93da86fe87,MyBookie.ag,spreads,Buffalo Bills,-9.0,-110,Tennessee Titans,9.0,-110,2024-10-20T17:00:00Z,2024-10-16T17:40:10Z
4084732a953c2a15d46aca93da86fe87,BetOnline.ag,spreads,Buffalo Bills,-9.0,-110,Tennessee Titans,9.0,-110,2024-10-20T17:00:00Z,2024-10-16T17:45:41Z
4084732a953c2a15d46aca93da86fe87,LowVig.ag,spreads,Buffalo Bills,-9.0,-105,Tennessee Titans,9.0,-105,2024-10-20T17:00:00Z,2024-10-16T17:45:42Z
4084732a953c2a15d46aca93da86fe87,BetRivers,spreads,Buffalo Bills,-9.0,-110,Tennessee Titans,9.0,-110,2024-10-20T17:00:00Z,2024-10-16T17:45:42Z
4084732a953c2a15d46aca93da86fe87,BetUS,spreads,Buffalo Bills,-9.5,-110,Tennessee Titans,9.5,-110,2024-10-20T17:00:00Z,2024-10-16T17:45:42Z
4084732a953c2a15d46aca93da86fe87,BetMGM,spreads,Buffalo Bills,-9.0,-110,Tennessee Titans,9.0,-110,2024-10-20T17:00:00Z,2024-10-16T17:45:42Z
4084732a953c2a15d46aca93da86fe87,Bovada,spreads,Buffalo Bills,-9.0,-110,Tennessee Titans,9.0,-110,2024-10-20T17:00:00Z,2024-10-16T17:45:42Z
63e9b5302666e36b47431100bcb22973,DraftKings,spreads,Cincinnati Bengals,-6.0,-110,Cleveland Browns,6.0,-110,2024-10-20T17:00:00Z,2024-10-16T17:46:18Z
63e9b5302666e36b47431100bcb22973,Caesars,spreads,Cincinnati Bengals,-6.0,-110,Cleveland Browns,6.0,-110,2024-10-20T17:00:00Z,2024-10-16T17:43:46Z
63e9b5302666e36b47431100bcb22973,BetUS,spreads,Cincinnati Bengals,-6.5,-105,Cleveland Browns,6.5,-115,2024-10-20T17:00:00Z,2024-10-16T17:45:42Z
63e9b5302666e36b47431100bcb22973,FanDuel,spreads,Cincinnati Bengals,-6.5,-105,Cleveland Browns,6.5,-115,2024-10-20T17:00:00Z,2024-10-16T17:45:42Z
63e9b5302666e36b47431100bcb22973,MyBookie.ag,spreads,Cincinnati Bengals,-6.0,-110,Cleveland Browns,6.0,-110,2024-10-20T17:00:00Z,2024-10-16T17:40:10Z
63e9b5302666e36b47431100bcb22973,BetOnline.ag,spreads,Cincinnati Bengals,-6.0,-108,Cleveland Browns,6.0,-112,2024-10-20T17:00:00Z,2024-10-16T17:45:41Z
63e9b5302666e36b47431100bcb22973,LowVig.ag,spreads,Cincinnati Bengals,-6.0,-103,Cleveland Browns,6.0,-107,2024-10-20T17:00:00Z,2024-10-16T17:45:42Z
63e9b5302666e36b47431100bcb22973,BetRivers,spreads,Cincinnati Bengals,-6.0,-114,Cleveland Browns,6.0,-108,2024-10-20T17:00:00Z,2024-10-16T17:45:42Z
63e9b5302666e36b47431100bcb22973,Bovada,spreads,Cincinnati Bengals,-6.0,-110,Cleveland Browns,6.0,-110,2024-10-20T17:00:00Z,2024-10-16T17:45:42Z
497242e77fc7f2e1fa4cc70a2bd37b20,DraftKings,spreads,Detroit Lions,2.5,-110,Minnesota Vikings,-2.5,-110,2024-10-20T17:00:00Z,2024-10-16T17:46:18Z
497242e77fc7f2e1fa4cc70a2bd37b20,Caesars,spreads,Detroit Lions,2.5,-110,Minnesota Vikings,-2.5,-110,2024-10-20T17:00:00Z,2024-10-16T17:43:46Z
497242e77fc7f2e1fa4cc70a2bd37b20,FanDuel,spreads,Detroit Lions,2.5,-115,Minnesota Vikings,-2.5,-105,2024-10-20T17:00:00Z,2024-10-16T17:45:42Z
497242e77fc7f2e1fa4cc70a2bd37b20,MyBookie.ag,spreads,Detroit Lions,2.5,-110,Minnesota Vikings,-2.5,-110,2024-10-20T17:00:00Z,2024-10-16T17:40:10Z
497242e77fc7f2e1fa4cc70a2bd37b20,LowVig.ag,spreads,Detroit Lions,2.5,-105,Minnesota Vikings,-2.5,-105,2024-10-20T17:00:00Z,2024-10-16T17:45:42Z
497242e77fc7f2e1fa4cc70a2bd37b20,BetOnline.ag,spreads,Detroit Lions,1.0,105,Minnesota Vikings,-1.0,-125,2024-10-20T17:00:00Z,2024-10-16T17:45:41Z
497242e77fc7f2e1fa4cc70a2bd37b20,BetRivers,spreads,Detroit Lions,2.5,-110,Minnesota Vikings,-2.5,-110,2024-10-20T17:00:00Z,2024-10-16T17:45:42Z
497242e77fc7f2e1fa4cc70a2bd37b20,BetUS,spreads,Detroit Lions,1.0,100,Minnesota Vikings,-1.0,-120,2024-10-20T17:00:00Z,2024-10-16T17:45:42Z
497242e77fc7f2e1fa4cc70a2bd37b20,BetMGM,spreads,Detroit Lions,2.5,-110,Minnesota Vikings,-2.5,-110,2024-10-20T17:00:00Z,2024-10-16T17:45:42Z
497242e77fc7f2e1fa4cc70a2bd37b20,Bovada,spreads,Detroit Lions,2.5,-110,Minnesota Vikings,-2.5,-110,2024-10-20T17:00:00Z,2024-10-16T17:45:42Z
15077c31238fbc767b91e73f8068f2a2,DraftKings,spreads,Green Bay Packers,-2.5,-122,Houston Texans,2.5,102,2024-10-20T17:00:00Z,2024-10-16T17:46:18Z
15077c31238fbc767b91e73f8068f2a2,Caesars,spreads,Green Bay Packers,-3.0,100,Houston Texans,3.0,-120,2024-10-20T17:00:00Z,2024-10-16T17:43:46Z
15077c31238fbc767b91e73f8068f2a2,BetUS,spreads,Green Bay Packers,-3.0,100,Houston Texans,3.0,-120,2024-10-20T17:00:00Z,2024-10-16T17:45:42Z
15077c31238fbc767b91e73f8068f2a2,FanDuel,spreads,Green Bay Packers,-2.5,-120,Houston Texans,2.5,-102,2024-10-20T17:00:00Z,2024-10-16T17:45:42Z
15077c31238fbc767b91e73f8068f2a2,MyBookie.ag,spreads,Green Bay Packers,-3.0,100,Houston Texans,3.0,-120,2024-10-20T17:00:00Z,2024-10-16T17:40:10Z
15077c31238fbc767b91e73f8068f2a2,LowVig.ag,spreads,Green Bay Packers,-3.0,104,Houston Texans,3.0,-115,2024-10-20T17:00:00Z,2024-10-16T17:45:42Z
15077c31238fbc767b91e73f8068f2a2,BetOnline.ag,spreads,Green Bay Packers,-3.0,100,Houston Texans,3.0,-120,2024-10-20T17:00:00Z,2024-10-16T17:45:41Z
15077c31238fbc767b91e73f8068f2a2,BetRivers,spreads,Green Bay Packers,-3.0,-105,Houston Texans,3.0,-117,2024-10-20T17:00:00Z,2024-10-16T17:45:42Z
15077c31238fbc767b91e73f8068f2a2,BetMGM,spreads,Green Bay Packers,-2.5,-120,Houston Texans,2.5,100,2024-10-20T17:00:00Z,2024-10-16T17:45:42Z
15077c31238fbc767b91e73f8068f2a2,Bovada,spreads,Green Bay Packers,-3.0,100,Houston Texans,3.0,-120,2024-10-20T17:00:00Z,2024-10-16T17:45:42Z
3d634649562df7c3b2b22d626162a9c9,DraftKings,spreads,Indianapolis Colts,-3.0,-125,Miami Dolphins,3.0,105,2024-10-20T17:00:00Z,2024-10-16T17:46:18Z
3d634649562df7c3b2b22d626162a9c9,Caesars,spreads,Indianapolis Colts,-3.5,100,Miami Dolphins,3.5,-120,2024-10-20T17:00:00Z,2024-10-16T17:43:46Z
3d634649562df7c3b2b22d626162a9c9,BetUS,spreads,Indianapolis Colts,-3.0,-115,Miami Dolphins,3.0,-105,2024-10-20T17:00:00Z,2024-10-16T17:45:42Z
3d634649562df7c3b2b22d626162a9c9,FanDuel,spreads,Indianapolis Colts,-3.0,-120,Miami Dolphins,3.0,-102,2024-10-20T17:00:00Z,2024-10-16T17:45:42Z
3d634649562df7c3b2b22d626162a9c9,MyBookie.ag,spreads,Indianapolis Colts,-3.0,-120,Miami Dolphins,3.0,100,2024-10-20T17:00:00Z,2024-10-16T17:40:10Z
3d634649562df7c3b2b22d626162a9c9,LowVig.ag,spreads,Indianapolis Colts,-3.0,-110,Miami Dolphins,3.0,100,2024-10-20T17:00:00Z,2024-10-16T17:45:42Z
3d634649562df7c3b2b22d626162a9c9,BetOnline.ag,spreads,Indianapolis Colts,-3.0,-115,Miami Dolphins,3.0,-105,2024-10-20T17:00:00Z,2024-10-16T17:45:41Z
3d634649562df7c3b2b22d626162a9c9,BetRivers,spreads,Indianapolis Colts,-3.0,-118,Miami Dolphins,3.0,-104,2024-10-20T17:00:00Z,2024-10-16T17:45:42Z
3d634649562df7c3b2b22d626162a9c9,BetMGM,spreads,Indianapolis Colts,-3.5,-105,Miami Dolphins,3.5,-115,2024-10-20T17:00:00Z,2024-10-16T17:45:42Z
3d634649562df7c3b2b22d626162a9c9,Bovada,spreads,Indianapolis Colts,-3.0,-115,Miami Dolphins,3.0,-105,2024-10-20T17:00:00Z,2024-10-16T17:45:42Z
a60ecb3c882d09f08b6e194e858aec42,DraftKings,spreads,New York Giants,3.0,-102,Philadelphia Eagles,-3.0,-118,2024-10-20T17:00:00Z,2024-10-16T17:46:18Z
a60ecb3c882d09f08b6e194e858aec42,Caesars,spreads,New York Giants,3.0,100,Philadelphia Eagles,-3.0,-120,2024-10-20T17:00:00Z,2024-10-16T17:43:46Z
a60ecb3c882d09f08b6e194e858aec42,BetUS,spreads,New York Giants,3.0,100,Philadelphia Eagles,-3.0,-120,2024-10-20T17:00:00Z,2024-10-16T17:45:42Z
a60ecb3c882d09f08b6e194e858aec42,FanDuel,spreads,New York Giants,3.0,-102,Philadelphia Eagles,-3.0,-120,2024-10-20T17:00:00Z,2024-10-16T17:45:42Z
a60ecb3c882d09f08b6e194e858aec42,MyBookie.ag,spreads,New York Giants,3.5,-110,Philadelphia Eagles,-3.5,-110,2024-10-20T17:00:00Z,2024-10-16T17:40:10Z
a60ecb3c882d09f08b6e194e858aec42,BetRivers,spreads,New York Giants,3.5,-118,Philadelphia Eagles,-3.5,-104,2024-10-20T17:00:00Z,2024-10-16T17:45:42Z
a60ecb3c882d09f08b6e194e858aec42,BetMGM,spreads,New York Giants,3.0,-105,Philadelphia Eagles,-3.0,-115,2024-10-20T17:00:00Z,2024-10-16T17:45:42Z
a60ecb3c882d09f08b6e194e858aec42,LowVig.ag,spreads,New York Giants,3.0,102,Philadelphia Eagles,-3.0,-113,2024-10-20T17:00:00Z,2024-10-16T17:45:42Z
a60ecb3c882d09f08b6e194e858aec42,BetOnline.ag,spreads,New York Giants,3.0,-103,Philadelphia Eagles,-3.0,-117,2024-10-20T17:00:00Z,2024-10-16T17:45:41Z
a60ecb3c882d09f08b6e194e858aec42,Bovada,spreads,New York Giants,3.0,-105,Philadelphia Eagles,-3.0,-115,2024-10-20T17:00:00Z,2024-10-16T17:45:42Z
205e5260b14ecb55558ddb85f419edaf,DraftKings,spreads,Carolina Panthers,8.0,-112,Washington Commanders,-8.0,-108,2024-10-20T20:05:00Z,2024-10-16T17:46:18Z
205e5260b14ecb55558ddb85f419edaf,Caesars,spreads,Carolina Panthers,8.0,-110,Washington Commanders,-8.0,-110,2024-10-20T20:05:00Z,2024-10-16T17:43:46Z
205e5260b14ecb55558ddb85f419edaf,BetUS,spreads,Carolina Panthers,9.0,-120,Washington Commanders,-9.0,100,2024-10-20T20:05:00Z,2024-10-16T17:45:42Z
205e5260b14ecb55558ddb85f419edaf,FanDuel,spreads,Carolina Panthers,8.5,-112,Washington Commanders,-8.5,-108,2024-10-20T20:05:00Z,2024-10-16T17:45:42Z
205e5260b14ecb55558ddb85f419edaf,MyBookie.ag,spreads,Carolina Panthers,8.0,-110,Washington Commanders,-8.0,-110,2024-10-20T20:05:00Z,2024-10-16T17:40:10Z
205e5260b14ecb55558ddb85f419edaf,BetOnline.ag,spreads,Carolina Panthers,8.0,-110,Washington Commanders,-8.0,-110,2024-10-20T20:05:00Z,2024-10-16T17:45:41Z
205e5260b14ecb55558ddb85f419edaf,LowVig.ag,spreads,Carolina Panthers,8.0,-105,Washington Commanders,-8.0,-105,2024-10-20T20:05:00Z,2024-10-16T17:45:42Z
205e5260b14ecb55558ddb85f419edaf,BetRivers,spreads,Carolina Panthers,8.5,-113,Washington Commanders,-8.5,-108,2024-10-20T20:05:00Z,2024-10-16T17:45:42Z
205e5260b14ecb55558ddb85f419edaf,BetMGM,spreads,Carolina Panthers,8.0,-110,Washington Commanders,-8.0,-110,2024-10-20T20:05:00Z,2024-10-16T17:45:42Z
205e5260b14ecb55558ddb85f419edaf,Bovada,spreads,Carolina Panthers,8.0,-115,Washington Commanders,-8.0,-105,2024-10-20T20:05:00Z,2024-10-16T17:45:42Z
2bc06cb4fb03e96b39448675c1943487,DraftKings,spreads,Las Vegas Raiders,7.0,-112,Los Angeles Rams,-7.0,-108,2024-10-20T20:05:00Z,2024-10-16T17:46:18Z
2bc06cb4fb03e96b39448675c1943487,Caesars,spreads,Las Vegas Raiders,7.0,-115,Los Angeles Rams,-7.0,-105,2024-10-20T20:05:00Z,2024-10-16T17:43:46Z
2bc06cb4fb03e96b39448675c1943487,BetUS,spreads,Las Vegas Raiders,7.0,-120,Los Angeles Rams,-7.0,100,2024-10-20T20:05:00Z,2024-10-16T17:45:42Z
2bc06cb4fb03e96b39448675c1943487,FanDuel,spreads,Las Vegas Raiders,7.0,-114,Los Angeles Rams,-7.0,-106,2024-10-20T20:05:00Z,2024-10-16T17:45:42Z
2bc06cb4fb03e96b39448675c1943487,MyBookie.ag,spreads,Las Vegas Raiders,7.0,-110,Los Angeles Rams,-7.0,-110,2024-10-20T20:05:00Z,2024-10-16T17:40:10Z
2bc06cb4fb03e96b39448675c1943487,BetOnline.ag,spreads,Las Vegas Raiders,7.0,-120,Los Angeles Rams,-7.0,100,2024-10-20T20:05:00Z,2024-10-16T17:45:41Z
2bc06cb4fb03e96b39448675c1943487,LowVig.ag,spreads,Las Vegas Raiders,7.0,-116,Los Angeles Rams,-7.0,105,2024-10-20T20:05:00Z,2024-10-16T17:45:42Z
2bc06cb4fb03e96b39448675c1943487,BetRivers,spreads,Las Vegas Raiders,7.0,-115,Los Angeles Rams,-7.0,-106,2024-10-20T20:05:00Z,2024-10-16T17:45:42Z
2bc06cb4fb03e96b39448675c1943487,Bovada,spreads,Las Vegas Raiders,7.0,-110,Los Angeles Rams,-7.0,-110,2024-10-20T20:05:00Z,2024-10-16T17:45:42Z
a0b429ad5863438f4550ced4f368d2e2,FanDuel,spreads,Kansas City Chiefs,1.5,-115,San Francisco 49ers,-1.5,-105,2024-10-20T20:25:00Z,2024-10-16T17:45:42Z
a0b429ad5863438f4550ced4f368d2e2,Caesars,spreads,Kansas City Chiefs,1.0,-105,San Francisco 49ers,-1.0,-115,2024-10-20T20:25:00Z,2024-10-16T17:43:46Z
a0b429ad5863438f4550ced4f368d2e2,DraftKings,spreads,Kansas City Chiefs,1.5,-110,San Francisco 49ers,-1.5,-110,2024-10-20T20:25:00Z,2024-10-16T17:46:18Z
a0b429ad5863438f4550ced4f368d2e2,BetUS,spreads,Kansas City Chiefs,1.0,-110,San Francisco 49ers,-1.0,-110,2024-10-20T20:25:00Z,2024-10-16T17:45:42Z
a0b429ad5863438f4550ced4f368d2e2,Bovada,spreads,Kansas City Chiefs,1.5,-115,San Francisco 49ers,-1.5,-105,2024-10-20T20:25:00Z,2024-10-16T17:45:42Z
a0b429ad5863438f4550ced4f368d2e2,MyBookie.ag,spreads,Kansas City Chiefs,1.5,-110,San Francisco 49ers,-1.5,-110,2024-10-20T20:25:00Z,2024-10-16T17:40:10Z
a0b429ad5863438f4550ced4f368d2e2,LowVig.ag,spreads,Kansas City Chiefs,1.0,100,San Francisco 49ers,-1.0,-110,2024-10-20T20:25:00Z,2024-10-16T17:45:42Z
a0b429ad5863438f4550ced4f368d2e2,BetOnline.ag,spreads,Kansas City Chiefs,1.0,-105,San Francisco 49ers,-1.0,-115,2024-10-20T20:25:00Z,2024-10-16T17:45:41Z
a0b429ad5863438f4550ced4f368d2e2,BetMGM,spreads,Kansas City Chiefs,1.5,-110,San Francisco 49ers,-1.5,-110,2024-10-20T20:25:00Z,2024-10-16T17:45:42Z
a0b429ad5863438f4550ced4f368d2e2,BetRivers,spreads,Kansas City Chiefs,1.5,-110,San Francisco 49ers,-1.5,-110,2024-10-20T20:25:00Z,2024-10-16T17:45:42Z
6103604599da91e8a44ce683292242ec,DraftKings,spreads,New York Jets,-1.5,-110,Pittsburgh Steelers,1.5,-110,2024-10-21T00:20:00Z,2024-10-16T17:46:18Z
6103604599da91e8a44ce683292242ec,Caesars,spreads,New York Jets,-2.0,-110,Pittsburgh Steelers,2.0,-110,2024-10-21T00:20:00Z,2024-10-16T17:43:46Z
6103604599da91e8a44ce683292242ec,FanDuel,spreads,New York Jets,-1.5,-115,Pittsburgh Steelers,1.5,-105,2024-10-21T00:20:00Z,2024-10-16T17:45:42Z
6103604599da91e8a44ce683292242ec,MyBookie.ag,spreads,New York Jets,-2.0,-110,Pittsburgh Steelers,2.0,-110,2024-10-21T00:20:00Z,2024-10-16T17:40:10Z
6103604599da91e8a44ce683292242ec,BetOnline.ag,spreads,New York Jets,-2.0,-110,Pittsburgh Steelers,2.0,-110,2024-10-21T00:20:00Z,2024-10-16T17:45:41Z
6103604599da91e8a44ce683292242ec,LowVig.ag,spreads,New York Jets,-2.0,-105,Pittsburgh Steelers,2.0,-105,2024-10-21T00:20:00Z,2024-10-16T17:45:42Z
6103604599da91e8a44ce683292242ec,BetRivers,spreads,New York Jets,-2.0,-110,Pittsburgh Steelers,2.0,-110,2024-10-21T00:20:00Z,2024-10-16T17:45:42Z
6103604599da91e8a44ce683292242ec,BetUS,spreads,New York Jets,-1.0,-125,Pittsburgh Steelers,1.0,105,2024-10-21T00:20:00Z,2024-10-16T17:45:42Z
6103604599da91e8a44ce683292242ec,BetMGM,spreads,New York Jets,-2.0,-110,Pittsburgh Steelers,2.0,-110,2024-10-21T00:20:00Z,2024-10-16T17:45:42Z
6103604599da91e8a44ce683292242ec,Bovada,spreads,New York Jets,-2.0,-110,Pittsburgh Steelers,2.0,-110,2024-10-21T00:20:00Z,2024-10-16T17:45:42Z
269f082de1c875831ceb05c8e0fa6e9e,DraftKings,spreads,Baltimore Ravens,-3.5,-110,Tampa Bay Buccaneers,3.5,-110,2024-10-22T00:15:00Z,2024-10-16T17:46:18Z
269f082de1c875831ceb05c8e0fa6e9e,Caesars,spreads,Baltimore Ravens,-3.5,-110,Tampa Bay Buccaneers,3.5,-110,2024-10-22T00:15:00Z,2024-10-16T17:43:46Z
269f082de1c875831ceb05c8e0fa6e9e,BetUS,spreads,Baltimore Ravens,-3.5,-110,Tampa Bay Buccaneers,3.5,-110,2024-10-22T00:15:00Z,2024-10-16T17:45:42Z
269f082de1c875831ceb05c8e0fa6e9e,FanDuel,spreads,Baltimore Ravens,-3.5,-115,Tampa Bay Buccaneers,3.5,-105,2024-10-22T00:15:00Z,2024-10-16T17:45:42Z
269f082de1c875831ceb05c8e0fa6e9e,MyBookie.ag,spreads,Baltimore Ravens,-3.5,-110,Tampa Bay Buccaneers,3.5,-110,2024-10-22T00:15:00Z,2024-10-16T17:40:10Z
269f082de1c875831ceb05c8e0fa6e9e,LowVig.ag,spreads,Baltimore Ravens,-3.5,-105,Tampa Bay Buccaneers,3.5,-105,2024-10-22T00:15:00Z,2024-10-16T17:45:42Z
269f082de1c875831ceb05c8e0fa6e9e,BetOnline.ag,spreads,Baltimore Ravens,-3.5,-112,Tampa Bay Buccaneers,3.5,-108,2024-10-22T00:15:00Z,2024-10-16T17:45:41Z
269f082de1c875831ceb05c8e0fa6e9e,BetRivers,spreads,Baltimore Ravens,-3.5,-108,Tampa Bay Buccaneers,3.5,-113,2024-10-22T00:15:00Z,2024-10-16T17:45:42Z
269f082de1c875831ceb05c8e0fa6e9e,BetMGM,spreads,Baltimore Ravens,-3.5,-110,Tampa Bay Buccaneers,3.5,-110,2024-10-22T00:15:00Z,2024-10-16T17:45:42Z
269f082de1c875831ceb05c8e0fa6e9e,Bovada,spreads,Baltimore Ravens,-3.5,-110,Tampa Bay Buccaneers,3.5,-110,2024-10-22T00:15:00Z,2024-10-16T17:45:42Z
c38d6ebf21ca6194da4757c090eac3a2,DraftKings,spreads,Arizona Cardinals,3.0,-118,Los Angeles Chargers,-3.0,-102,2024-10-22T01:00:00Z,2024-10-16T17:46:18Z
c38d6ebf21ca6194da4757c090eac3a2,Caesars,spreads,Arizona Cardinals,2.5,105,Los Angeles Chargers,-2.5,-125,2024-10-22T01:00:00Z,2024-10-16T17:43:46Z
c38d6ebf21ca6194da4757c090eac3a2,BetUS,spreads,Arizona Cardinals,3.0,-120,Los Angeles Chargers,-3.0,100,2024-10-22T01:00:00Z,2024-10-16T17:45:42Z
c38d6ebf21ca6194da4757c090eac3a2,FanDuel,spreads,Arizona Cardinals,2.5,-102,Los Angeles Chargers,-2.5,-120,2024-10-22T01:00:00Z,2024-10-16T17:45:42Z
c38d6ebf21ca6194da4757c090eac3a2,MyBookie.ag,spreads,Arizona Cardinals,2.5,-105,Los Angeles Chargers,-2.5,-115,2024-10-22T01:00:00Z,2024-10-16T17:40:10Z
c38d6ebf21ca6194da4757c090eac3a2,LowVig.ag,spreads,Arizona Cardinals,2.5,102,Los Angeles Chargers,-2.5,-113,2024-10-22T01:00:00Z,2024-10-16T17:45:42Z
c38d6ebf21ca6194da4757c090eac3a2,BetOnline.ag,spreads,Arizona Cardinals,2.5,-103,Los Angeles Chargers,-2.5,-117,2024-10-22T01:00:00Z,2024-10-16T17:45:41Z
c38d6ebf21ca6194da4757c090eac3a2,BetRivers,spreads,Arizona Cardinals,2.5,-105,Los Angeles Chargers,-2.5,-117,2024-10-22T01:00:00Z,2024-10-16T17:45:42Z
c38d6ebf21ca6194da4757c090eac3a2,Bovada,spreads,Arizona Cardinals,2.5,100,Los Angeles Chargers,-2.5,-120,2024-10-22T01:00:00Z,2024-10-16T17:45:42Z
c38d6ebf21ca6194da4757c090eac3a2,BetMGM,spreads,Arizona Cardinals,3.0,-115,Los Angeles Chargers,-3.0,-105,2024-10-22T01:00:00Z,2024-10-16T17:45:42Z
1f22f5d9de70779ac521b9c1de59162f,DraftKings,spreads,Los Angeles Rams,3.0,-110,Minnesota Vikings,-3.0,-110,2024-10-25T00:15:00Z,2024-10-16T17:46:18Z
1f22f5d9de70779ac521b9c1de59162f,Caesars,spreads,Los Angeles Rams,3.0,-110,Minnesota Vikings,-3.0,-110,2024-10-25T00:15:00Z,2024-10-16T17:43:46Z
1f22f5d9de70779ac521b9c1de59162f,LowVig.ag,spreads,Los Angeles Rams,2.5,-102,Minnesota Vikings,-2.5,-108,2024-10-25T00:15:00Z,2024-10-16T17:45:42Z
1f22f5d9de70779ac521b9c1de59162f,BetOnline.ag,spreads,Los Angeles Rams,2.5,-107,Minnesota Vikings,-2.5,-113,2024-10-25T00:15:00Z,2024-10-16T17:45:41Z
1f22f5d9de70779ac521b9c1de59162f,FanDuel,spreads,Los Angeles Rams,3.0,-115,Minnesota Vikings,-3.0,-105,2024-10-25T00:15:00Z,2024-10-16T17:45:42Z
1f22f5d9de70779ac521b9c1de59162f,MyBookie.ag,spreads,Los Angeles Rams,3.0,-110,Minnesota Vikings,-3.0,-110,2024-10-25T00:15:00Z,2024-10-16T17:40:10Z
2883af924ad72a75da65e3257b9284e7,DraftKings,spreads,Arizona Cardinals,2.5,-110,Miami Dolphins,-2.5,-110,2024-10-27T17:00:00Z,2024-10-16T17:46:18Z
2883af924ad72a75da65e3257b9284e7,MyBookie.ag,spreads,Arizona Cardinals,2.5,-110,Miami Dolphins,-2.5,-110,2024-10-27T17:00:00Z,2024-10-16T17:40:10Z
9693ad2122e496b05f7efd56f0ef03d0,DraftKings,spreads,Atlanta Falcons,1.5,-110,Tampa Bay Buccaneers,-1.5,-110,2024-10-27T17:00:00Z,2024-10-16T17:46:18Z
9693ad2122e496b05f7efd56f0ef03d0,Caesars,spreads,Atlanta Falcons,2.5,-110,Tampa Bay Buccaneers,-2.5,-110,2024-10-27T17:00:00Z,2024-10-16T17:43:46Z
9693ad2122e496b05f7efd56f0ef03d0,FanDuel,spreads,Atlanta Falcons,1.5,-110,Tampa Bay Buccaneers,-1.5,-110,2024-10-27T17:00:00Z,2024-10-16T17:45:42Z
9693ad2122e496b05f7efd56f0ef03d0,MyBookie.ag,spreads,Atlanta Falcons,2.0,-110,Tampa Bay Buccaneers,-2.0,-110,2024-10-27T17:00:00Z,2024-10-16T17:40:10Z
9693ad2122e496b05f7efd56f0ef03d0,BetOnline.ag,spreads,Atlanta Falcons,2.5,-110,Tampa Bay Buccaneers,-2.5,-110,2024-10-27T17:00:00Z,2024-10-16T17:45:41Z
9693ad2122e496b05f7efd56f0ef03d0,LowVig.ag,spreads,Atlanta Falcons,2.5,-105,Tampa Bay Buccaneers,-2.5,-105,2024-10-27T17:00:00Z,2024-10-16T17:45:42Z
4a54b04a572fde8db5f1e1478c1ef673,DraftKings,spreads,Baltimore Ravens,-9.5,-110,Cleveland Browns,9.5,-110,2024-10-27T17:00:00Z,2024-10-16T17:46:18Z
4a54b04a572fde8db5f1e1478c1ef673,Caesars,spreads,Baltimore Ravens,-9.5,-110,Cleveland Browns,9.5,-110,2024-10-27T17:00:00Z,2024-10-16T17:43:46Z
4a54b04a572fde8db5f1e1478c1ef673,BetOnline.ag,spreads,Baltimore Ravens,-9.5,-110,Cleveland Browns,9.5,-110,2024-10-27T17:00:00Z,2024-10-16T17:45:41Z
4a54b04a572fde8db5f1e1478c1ef673,LowVig.ag,spreads,Baltimore Ravens,-9.5,-105,Cleveland Browns,9.5,-105,2024-10-27T17:00:00Z,2024-10-16T17:45:42Z
4a54b04a572fde8db5f1e1478c1ef673,FanDuel,spreads,Baltimore Ravens,-8.5,-110,Cleveland Browns,8.5,-110,2024-10-27T17:00:00Z,2024-10-16T17:45:42Z
4a54b04a572fde8db5f1e1478c1ef673,MyBookie.ag,spreads,Baltimore Ravens,-9.5,-110,Cleveland Browns,9.5,-110,2024-10-27T17:00:00Z,2024-10-16T17:40:10Z
5fd9657af1356ec2a567b07d75a8e6a3,DraftKings,spreads,Detroit Lions,-9.5,-110,Tennessee Titans,9.5,-110,2024-10-27T17:00:00Z,2024-10-16T17:46:18Z
5fd9657af1356ec2a567b07d75a8e6a3,Caesars,spreads,Detroit Lions,-9.5,-110,Tennessee Titans,9.5,-110,2024-10-27T17:00:00Z,2024-10-16T17:43:46Z
5fd9657af1356ec2a567b07d75a8e6a3,BetOnline.ag,spreads,Detroit Lions,-9.5,-110,Tennessee Titans,9.5,-110,2024-10-27T17:00:00Z,2024-10-16T17:45:41Z
5fd9657af1356ec2a567b07d75a8e6a3,LowVig.ag,spreads,Detroit Lions,-9.5,-105,Tennessee Titans,9.5,-105,2024-10-27T17:00:00Z,2024-10-16T17:45:42Z
5fd9657af1356ec2a567b07d75a8e6a3,FanDuel,spreads,Detroit Lions,-9.5,-105,Tennessee Titans,9.5,-115,2024-10-27T17:00:00Z,2024-10-16T17:45:42Z
5fd9657af1356ec2a567b07d75a8e6a3,MyBookie.ag,spreads,Detroit Lions,-9.5,-110,Tennessee Titans,9.5,-110,2024-10-27T17:00:00Z,2024-10-16T17:40:10Z
4708973e15052d8b7c29a53f0c4561dc,DraftKings,spreads,Green Bay Packers,-4.0,-110,Jacksonville Jaguars,4.0,-110,2024-10-27T17:00:00Z,2024-10-16T17:46:18Z
4708973e15052d8b7c29a53f0c4561dc,Caesars,spreads,Green Bay Packers,-4.0,-110,Jacksonville Jaguars,4.0,-110,2024-10-27T17:00:00Z,2024-10-16T17:43:46Z
4708973e15052d8b7c29a53f0c4561dc,FanDuel,spreads,Green Bay Packers,-4.5,-105,Jacksonville Jaguars,4.5,-115,2024-10-27T17:00:00Z,2024-10-16T17:45:42Z
4708973e15052d8b7c29a53f0c4561dc,MyBookie.ag,spreads,Green Bay Packers,-4.0,-110,Jacksonville Jaguars,4.0,-110,2024-10-27T17:00:00Z,2024-10-16T17:40:10Z
4708973e15052d8b7c29a53f0c4561dc,BetOnline.ag,spreads,Green Bay Packers,-4.0,-110,Jacksonville Jaguars,4.0,-110,2024-10-27T17:00:00Z,2024-10-16T17:45:41Z
4708973e15052d8b7c29a53f0c4561dc,LowVig.ag,spreads,Green Bay Packers,-4.0,-105,Jacksonville Jaguars,4.0,-105,2024-10-27T17:00:00Z,2024-10-16T17:45:42Z
e07e64de78a6095754d2a048255dadac,DraftKings,spreads,Houston Texans,-5.5,-110,Indianapolis Colts,5.5,-110,2024-10-27T17:00:00Z,2024-10-16T17:46:18Z
e07e64de78a6095754d2a048255dadac,Caesars,spreads,Houston Texans,-6.5,-110,Indianapolis Colts,6.5,-110,2024-10-27T17:00:00Z,2024-10-16T17:43:46Z
e07e64de78a6095754d2a048255dadac,FanDuel,spreads,Houston Texans,-5.5,-118,Indianapolis Colts,5.5,-104,2024-10-27T17:00:00Z,2024-10-16T17:45:42Z
e07e64de78a6095754d2a048255dadac,MyBookie.ag,spreads,Houston Texans,-6.0,-110,Indianapolis Colts,6.0,-110,2024-10-27T17:00:00Z,2024-10-16T17:40:10Z
e07e64de78a6095754d2a048255dadac,LowVig.ag,spreads,Houston Texans,-6.0,-105,Indianapolis Colts,6.0,-105,2024-10-27T17:00:00Z,2024-10-16T17:45:42Z
e07e64de78a6095754d2a048255dadac,BetOnline.ag,spreads,Houston Texans,-6.0,-110,Indianapolis Colts,6.0,-110,2024-10-27T17:00:00Z,2024-10-16T17:45:41Z
fb5217800ed73d9cae485efbba37ba96,DraftKings,spreads,Chicago Bears,1.5,-110,Washington Commanders,-1.5,-110,2024-10-27T17:01:00Z,2024-10-16T17:46:18Z
fb5217800ed73d9cae485efbba37ba96,Caesars,spreads,Chicago Bears,1.5,-110,Washington Commanders,-1.5,-110,2024-10-27T17:01:00Z,2024-10-16T17:43:46Z
fb5217800ed73d9cae485efbba37ba96,FanDuel,spreads,Chicago Bears,1.5,-105,Washington Commanders,-1.5,-115,2024-10-27T17:01:00Z,2024-10-16T17:45:42Z
fb5217800ed73d9cae485efbba37ba96,MyBookie.ag,spreads,Chicago Bears,1.5,-110,Washington Commanders,-1.5,-110,2024-10-27T17:01:00Z,2024-10-16T17:40:10Z
7679451910267ad5cd8620cf63870aaa,DraftKings,spreads,New England Patriots,6.5,100,New York Jets,-6.5,-120,2024-10-27T17:01:00Z,2024-10-16T17:46:18Z
7679451910267ad5cd8620cf63870aaa,Caesars,spreads,New England Patriots,7.0,-110,New York Jets,-7.0,-110,2024-10-27T17:01:00Z,2024-10-16T17:43:46Z
7679451910267ad5cd8620cf63870aaa,LowVig.ag,spreads,New England Patriots,7.0,-105,New York Jets,-7.0,-105,2024-10-27T17:01:00Z,2024-10-16T17:45:42Z
7679451910267ad5cd8620cf63870aaa,BetOnline.ag,spreads,New England Patriots,7.0,-110,New York Jets,-7.0,-110,2024-10-27T17:01:00Z,2024-10-16T17:45:41Z
7679451910267ad5cd8620cf63870aaa,FanDuel,spreads,New England Patriots,6.5,-110,New York Jets,-6.5,-110,2024-10-27T17:01:00Z,2024-10-16T17:45:42Z
7679451910267ad5cd8620cf63870aaa,MyBookie.ag,spreads,New England Patriots,7.0,-110,New York Jets,-7.0,-110,2024-10-27T17:01:00Z,2024-10-16T17:40:10Z
9a263061dd1c784a20f393971744d176,DraftKings,spreads,Buffalo Bills,-3.0,-105,Seattle Seahawks,3.0,-115,2024-10-27T20:06:00Z,2024-10-16T17:46:18Z
9a263061dd1c784a20f393971744d176,Caesars,spreads,Buffalo Bills,-3.0,-105,Seattle Seahawks,3.0,-115,2024-10-27T20:06:00Z,2024-10-16T17:43:46Z
9a263061dd1c784a20f393971744d176,LowVig.ag,spreads,Buffalo Bills,-3.0,-101,Seattle Seahawks,3.0,-109,2024-10-27T20:06:00Z,2024-10-16T17:45:42Z
9a263061dd1c784a20f393971744d176,BetOnline.ag,spreads,Buffalo Bills,-3.0,-106,Seattle Seahawks,3.0,-114,2024-10-27T20:06:00Z,2024-10-16T17:45:41Z
9a263061dd1c784a20f393971744d176,FanDuel,spreads,Buffalo Bills,-3.0,-104,Seattle Seahawks,3.0,-118,2024-10-27T20:06:00Z,2024-10-16T17:45:42Z
9a263061dd1c784a20f393971744d176,MyBookie.ag,spreads,Buffalo Bills,-3.0,-110,Seattle Seahawks,3.0,-110,2024-10-27T20:06:00Z,2024-10-16T17:40:10Z
70c540bd6e70676319e44a7dd02cbd38,DraftKings,spreads,Los Angeles Chargers,-6.5,-110,New Orleans Saints,6.5,-110,2024-10-27T20:06:00Z,2024-10-16T17:46:18Z
70c540bd6e70676319e44a7dd02cbd38,Caesars,spreads,Los Angeles Chargers,-6.0,-110,New Orleans Saints,6.0,-110,2024-10-27T20:06:00Z,2024-10-16T17:43:46Z
70c540bd6e70676319e44a7dd02cbd38,FanDuel,spreads,Los Angeles Chargers,-6.5,-105,New Orleans Saints,6.5,-115,2024-10-27T20:06:00Z,2024-10-16T17:45:42Z
70c540bd6e70676319e44a7dd02cbd38,MyBookie.ag,spreads,Los Angeles Chargers,-6.5,-110,New Orleans Saints,6.5,-110,2024-10-27T20:06:00Z,2024-10-16T17:40:10Z
ccc621108fb48382b825128007dc8120,DraftKings,spreads,Kansas City Chiefs,-9.5,-112,Las Vegas Raiders,9.5,-108,2024-10-27T20:25:00Z,2024-10-16T17:46:18Z
ccc621108fb48382b825128007dc8120,Caesars,spreads,Kansas City Chiefs,-10.0,-110,Las Vegas Raiders,10.0,-110,2024-10-27T20:25:00Z,2024-10-16T17:43:46Z
ccc621108fb48382b825128007dc8120,LowVig.ag,spreads,Kansas City Chiefs,-10.0,-105,Las Vegas Raiders,10.0,-105,2024-10-27T20:25:00Z,2024-10-16T17:45:42Z
ccc621108fb48382b825128007dc8120,BetOnline.ag,spreads,Kansas City Chiefs,-10.0,-110,Las Vegas Raiders,10.0,-110,2024-10-27T20:25:00Z,2024-10-16T17:45:41Z
ccc621108fb48382b825128007dc8120,FanDuel,spreads,Kansas City Chiefs,-9.5,-110,Las Vegas Raiders,9.5,-110,2024-10-27T20:25:00Z,2024-10-16T17:45:42Z
ccc621108fb48382b825128007dc8120,MyBookie.ag,spreads,Kansas City Chiefs,-10.0,-110,Las Vegas Raiders,10.0,-110,2024-10-27T20:25:00Z,2024-10-16T17:40:10Z
bba53e1026b6121c0255771479517a2f,DraftKings,spreads,Carolina Panthers,4.0,-110,Denver Broncos,-4.0,-110,2024-10-27T20:26:00Z,2024-10-16T17:46:18Z
bba53e1026b6121c0255771479517a2f,Caesars,spreads,Carolina Panthers,4.5,-110,Denver Broncos,-4.5,-110,2024-10-27T20:26:00Z,2024-10-16T17:43:46Z
bba53e1026b6121c0255771479517a2f,FanDuel,spreads,Carolina Panthers,4.5,-115,Denver Broncos,-4.5,-105,2024-10-27T20:26:00Z,2024-10-16T17:45:42Z
bba53e1026b6121c0255771479517a2f,MyBookie.ag,spreads,Carolina Panthers,4.5,-110,Denver Broncos,-4.5,-110,2024-10-27T20:26:00Z,2024-10-16T17:40:10Z
bba53e1026b6121c0255771479517a2f,BetOnline.ag,spreads,Carolina Panthers,4.5,-103,Denver Broncos,-4.5,-117,2024-10-27T20:26:00Z,2024-10-16T17:45:41Z
bba53e1026b6121c0255771479517a2f,LowVig.ag,spreads,Carolina Panthers,4.5,100,Denver Broncos,-4.5,-110,2024-10-27T20:26:00Z,2024-10-16T17:45:42Z
9b5367d7e95dd05cb7517d99484bf95b,DraftKings,spreads,Cincinnati Bengals,-2.5,-110,Philadelphia Eagles,2.5,-110,2024-10-27T20:26:00Z,2024-10-16T17:46:18Z
9b5367d7e95dd05cb7517d99484bf95b,Caesars,spreads,Cincinnati Bengals,-2.5,-110,Philadelphia Eagles,2.5,-110,2024-10-27T20:26:00Z,2024-10-16T17:43:46Z
9b5367d7e95dd05cb7517d99484bf95b,LowVig.ag,spreads,Cincinnati Bengals,-2.5,-110,Philadelphia Eagles,2.5,100,2024-10-27T20:26:00Z,2024-10-16T17:45:42Z
9b5367d7e95dd05cb7517d99484bf95b,BetOnline.ag,spreads,Cincinnati Bengals,-2.5,-115,Philadelphia Eagles,2.5,-105,2024-10-27T20:26:00Z,2024-10-16T17:45:41Z
9b5367d7e95dd05cb7517d99484bf95b,FanDuel,spreads,Cincinnati Bengals,-2.5,-110,Philadelphia Eagles,2.5,-110,2024-10-27T20:26:00Z,2024-10-16T17:45:42Z
9b5367d7e95dd05cb7517d99484bf95b,MyBookie.ag,spreads,Cincinnati Bengals,-2.5,-110,Philadelphia Eagles,2.5,-110,2024-10-27T20:26:00Z,2024-10-16T17:40:10Z
ef27be93158f43d94f94035d2af7096f,FanDuel,spreads,Dallas Cowboys,7.0,-112,San Francisco 49ers,-7.0,-108,2024-10-28T00:21:00Z,2024-10-16T17:45:42Z
ef27be93158f43d94f94035d2af7096f,DraftKings,spreads,Dallas Cowboys,7.0,-105,San Francisco 49ers,-7.0,-115,2024-10-28T00:21:00Z,2024-10-16T17:46:18Z
ef27be93158f43d94f94035d2af7096f,Caesars,spreads,Dallas Cowboys,6.5,-110,San Francisco 49ers,-6.5,-110,2024-10-28T00:21:00Z,2024-10-16T17:43:46Z
ef27be93158f43d94f94035d2af7096f,MyBookie.ag,spreads,Dallas Cowboys,7.0,-110,San Francisco 49ers,-7.0,-110,2024-10-28T00:21:00Z,2024-10-16T17:40:10Z
ef27be93158f43d94f94035d2af7096f,BetOnline.ag,spreads,Dallas Cowboys,7.0,-115,San Francisco 49ers,-7.0,-105,2024-10-28T00:21:00Z,2024-10-16T17:45:41Z
ef27be93158f43d94f94035d2af7096f,LowVig.ag,spreads,Dallas Cowboys,7.0,-110,San Francisco 49ers,-7.0,100,2024-10-28T00:21:00Z,2024-10-16T17:45:42Z
86278ec4bbdcadd945d79df6c695c2ec,DraftKings,spreads,New York Giants,3.5,-115,Pittsburgh Steelers,-3.5,-105,2024-10-29T00:16:00Z,2024-10-16T17:46:18Z
86278ec4bbdcadd945d79df6c695c2ec,Caesars,spreads,New York Giants,4.0,-110,Pittsburgh Steelers,-4.0,-110,2024-10-29T00:16:00Z,2024-10-16T17:43:46Z
86278ec4bbdcadd945d79df6c695c2ec,FanDuel,spreads,New York Giants,3.5,-105,Pittsburgh Steelers,-3.5,-115,2024-10-29T00:16:00Z,2024-10-16T17:45:42Z
86278ec4bbdcadd945d79df6c695c2ec,MyBookie.ag,spreads,New York Giants,4.0,-110,Pittsburgh Steelers,-4.0,-110,2024-10-29T00:16:00Z,2024-10-16T17:40:10Z
86278ec4bbdcadd945d79df6c695c2ec,BetOnline.ag,spreads,New York Giants,4.0,-110,Pittsburgh Steelers,-4.0,-110,2024-10-29T00:16:00Z,2024-10-16T17:45:41Z
86278ec4bbdcadd945d79df6c695c2ec,LowVig.ag,spreads,New York Giants,4.0,-105,Pittsburgh Steelers,-4.0,-105,2024-10-29T00:16:00Z,2024-10-16T17:45:42Z
